target,prompt_family,concept_label,prompt,source_context_words,lexical_mode,is_valid,validation_errors
dog,direct,dog,a dog under warm afternoon light,,strict,True,
dog,direct,dog,a dog perched on a hillside overlooking a valley,,strict,True,
dog,direct,dog,a dog looking upward in a field of tall wheat,,strict,True,
dog,direct,dog,a dog looking through a gap in a stone wall,,strict,True,
dog,direct,dog,a dog resting under a canopy of autumn trees,,strict,True,
dog,direct,dog,a dog framed by the arch of a stone bridge,,strict,True,
dog,direct,dog,a dog playing in an open field,,strict,True,
dog,direct,dog,a dog poking its head through a gap in a hedge,,strict,True,
dog,direct,dog,a dog crouched low in a play bow stance,,strict,True,
dog,direct,dog,a dog sitting on a stone step in blue evening light,,strict,True,
dog,direct,dog,a dog snoozing in a patch of afternoon sun,,strict,True,
dog,direct,dog,a dog resting its head on a fence rail,,strict,True,
dog,direct,dog,a dog sitting on a stone step in blue evening light,,strict,True,
dog,direct,dog,a dog captured in golden hour light,,strict,True,
dog,direct,dog,a dog rolling in dry grass in warm sunlight,,strict,True,
dog,direct,dog,a dog perched on a hillside overlooking a valley,,strict,True,
dog,direct,dog,a dog resting in a sunny meadow,,strict,True,
dog,direct,dog,a dog nosing through fallen pine needles,,strict,True,
dog,direct,dog,a dog on a cliff edge gazing over a coastal vista,,strict,True,
dog,direct,dog,a dog looking curious in an outdoor setting,,strict,True,
dog,direct,dog,a detailed image of a dog,,strict,True,
dog,direct,dog,a dog watching a trail of ants across a log,,strict,True,
dog,direct,dog,a dog circling before lying down in evening grass,,strict,True,
dog,direct,dog,a dog moving through its environment,,strict,True,
dog,direct,dog,a dog gazing into the distance on a misty morning,,strict,True,
dog,direct,dog,a realistic dog standing outdoors,,strict,True,
dog,direct,dog,a dog sniffing the ground in a wildflower field,,strict,True,
dog,direct,dog,a photo of a dog in a natural setting,,strict,True,
dog,direct,dog,a portrait of a dog looking directly at the camera,,strict,True,
dog,direct,dog,a dog with its nose lifted to the wind,,strict,True,
dog,direct,dog,a realistic dog standing outdoors,,strict,True,
dog,direct,dog,a dog standing in a vineyard row in golden light,,strict,True,
dog,direct,dog,a dog sprinting across a beach at sunrise,,strict,True,
dog,direct,dog,a dog looking upward in a field of tall wheat,,strict,True,
dog,direct,dog,a high-resolution photograph of a dog in the wild,,strict,True,
dog,direct,dog,a dog balanced on a mossy log in the forest,,strict,True,
dog,direct,dog,a dog gazing at ripples on a still pond,,strict,True,
dog,direct,dog,a dog with muddy paws pausing on a forest path,,strict,True,
dog,direct,dog,a dog half-submerged in a mountain lake,,strict,True,
dog,direct,dog,a dog captured in golden hour light,,strict,True,
dog,direct,dog,a dog bounding towards the camera in open space,,strict,True,
dog,direct,dog,a dog standing in morning mist in an empty field,,strict,True,
dog,direct,dog,a dog with a stick in its mouth crossing a field,,strict,True,
dog,direct,dog,a dog moving through its environment,,strict,True,
dog,direct,dog,a dog poking its head through a gap in a hedge,,strict,True,
dog,direct,dog,a dog standing alert in open terrain,,strict,True,
dog,direct,dog,a dog sitting on a stone step in blue evening light,,strict,True,
dog,direct,dog,a dog trotting alongside a fence at sunset,,strict,True,
dog,direct,dog,a dog snoozing in a patch of afternoon sun,,strict,True,
dog,direct,dog,a dog gazing into the distance on a misty morning,,strict,True,
dog,direct,dog,a dog stepping carefully across wet sand,,strict,True,
dog,direct,dog,a candid shot of a dog in an urban park,,strict,True,
dog,direct,dog,a dog framed by the arch of a stone bridge,,strict,True,
dog,direct,dog,a dog gazing at ripples on a still pond,,strict,True,
dog,direct,dog,a dog tracking a scent through tall grass,,strict,True,
dog,direct,dog,a dog at the edge of a snowy field,,strict,True,
dog,direct,dog,a dog pausing to look up in an open meadow,,strict,True,
dog,direct,dog,a dog caught mid-motion in nature,,strict,True,
dog,direct,dog,a dog watching birds from a hilltop,,strict,True,
dog,direct,dog,a dog stepping carefully across wet sand,,strict,True,
dog,direct,dog,a dog rolling in dry grass in warm sunlight,,strict,True,
dog,direct,dog,a dog snoozing in a patch of afternoon sun,,strict,True,
dog,direct,dog,a dog sitting on a snowy hilltop at dawn,,strict,True,
dog,direct,dog,a vivid photograph of a dog,,strict,True,
dog,direct,dog,a dog lapping from a woodland stream,,strict,True,
dog,direct,dog,a portrait of a dog looking directly at the camera,,strict,True,
dog,direct,dog,a candid shot of a dog in an urban park,,strict,True,
dog,direct,dog,a vivid photograph of a dog,,strict,True,
dog,direct,dog,a dog snoozing in a patch of afternoon sun,,strict,True,
dog,direct,dog,a dog lying in a carpet of fallen leaves,,strict,True,
dog,direct,dog,a dog at dusk with long shadows across a field,,strict,True,
dog,direct,dog,a dog standing in a vineyard row in golden light,,strict,True,
dog,direct,dog,a dog standing in a vineyard row in golden light,,strict,True,
dog,direct,dog,a dog with its nose lifted to the wind,,strict,True,
dog,direct,dog,a dog snoozing in a patch of afternoon sun,,strict,True,
dog,direct,dog,a dog at full gallop across an open plain,,strict,True,
dog,direct,dog,a close-up of a dog in soft daylight,,strict,True,
dog,direct,dog,a portrait of a dog looking directly at the camera,,strict,True,
dog,direct,dog,a dog disappearing into a tall hedgerow,,strict,True,
dog,direct,dog,a dog watching the sun sink below the horizon,,strict,True,
dog,direct,dog,a dog near water at sunset,,strict,True,
dog,direct,dog,a dog chasing its shadow on a sunlit path,,strict,True,
dog,direct,dog,a dog near water at sunset,,strict,True,
dog,direct,dog,a dog stepping out of shadow into bright sunlight,,strict,True,
dog,direct,dog,a dog resting under a canopy of autumn trees,,strict,True,
dog,direct,dog,a dog playing in an open field,,strict,True,
dog,direct,dog,a dog looking through a gap in a stone wall,,strict,True,
dog,direct,dog,a dog nosing through fallen pine needles,,strict,True,
dog,direct,dog,a dog near water at sunset,,strict,True,
dog,direct,dog,a dog framed by the arch of a stone bridge,,strict,True,
dog,direct,dog,a dog crouched low in a play bow stance,,strict,True,
dog,direct,dog,a dog trotting down a country lane,,strict,True,
dog,direct,dog,a dog stretched out lazily on a sun-warmed rock,,strict,True,
dog,direct,dog,a documentary-style photo of a dog,,strict,True,
dog,direct,dog,a dog standing in morning mist in an empty field,,strict,True,
dog,direct,dog,a dog at the edge of a snowy field,,strict,True,
dog,direct,dog,a dog circling before lying down in evening grass,,strict,True,
dog,direct,dog,a dog poking its head through a gap in a hedge,,strict,True,
dog,direct,dog,a dog sitting on a stone step in blue evening light,,strict,True,
dog,direct,dog,a dog sitting patiently on a porch step,,strict,True,
dog,direct,dog,a dog stepping out of shadow into bright sunlight,,strict,True,
dog,direct,dog,a dog sitting on a sun-bleached boulder at noon,,strict,True,
dog,direct,dog,a dog watching the sun sink below the horizon,,strict,True,
dog,direct,dog,a dog with wind-ruffled fur on a hilltop,,strict,True,
dog,direct,dog,a dog on a cliff edge gazing over a coastal vista,,strict,True,
dog,direct,dog,a dog sitting patiently on a porch step,,strict,True,
dog,direct,dog,a dog exploring a rocky shoreline,,strict,True,
dog,direct,dog,a close-up of a dog in soft daylight,,strict,True,
dog,direct,dog,a dog bounding towards the camera in open space,,strict,True,
dog,direct,dog,a dog sitting on a stone step in blue evening light,,strict,True,
dog,direct,dog,a dog standing alert in open terrain,,strict,True,
dog,direct,dog,a dog snoozing in a patch of afternoon sun,,strict,True,
dog,direct,dog,a dog lying in a carpet of fallen leaves,,strict,True,
dog,direct,dog,a dog standing in a doorway bathed in backlight,,strict,True,
dog,direct,dog,a dog at dusk with long shadows across a field,,strict,True,
dog,direct,dog,a dog lying in a carpet of fallen leaves,,strict,True,
dog,direct,dog,a dog looking back over its shoulder on a trail,,strict,True,
dog,direct,dog,a dog silhouetted against a twilight sky,,strict,True,
dog,direct,dog,a detailed image of a dog,,strict,True,
dog,direct,dog,a dog framed by the arch of a stone bridge,,strict,True,
dog,direct,dog,a dog bounding through autumn leaves,,strict,True,
dog,direct,dog,a dog with its tongue out on a warm day,,strict,True,
dog,direct,dog,a dog with ears perked in an alert pose,,strict,True,
dog,direct,dog,a sharply focused dog with a blurred background,,strict,True,
dog,direct,dog,a dog splashing through a shallow river,,strict,True,
dog,direct,dog,a dog on a cliff edge gazing over a coastal vista,,strict,True,
dog,direct,dog,a dog tracking a scent through tall grass,,strict,True,
dog,direct,dog,a dog poking its head through a gap in a hedge,,strict,True,
dog,direct,dog,a dog shaking its coat after a swim,,strict,True,
dog,direct,dog,a candid shot of a dog in an urban park,,strict,True,
dog,direct,dog,a dog resting its head on a fence rail,,strict,True,
dog,direct,dog,a dog perched on a hillside overlooking a valley,,strict,True,
dog,direct,dog,a dog bounding towards the camera in open space,,strict,True,
dog,direct,dog,a vivid photograph of a dog,,strict,True,
dog,direct,dog,a dog caught yawning in soft indoor light,,strict,True,
dog,direct,dog,a dog seen from above lying in green grass,,strict,True,
dog,direct,dog,a dog caught yawning in soft indoor light,,strict,True,
dog,direct,dog,a dog looking back over its shoulder on a trail,,strict,True,
dog,direct,dog,a dog looking curious in an outdoor setting,,strict,True,
dog,direct,dog,a dog running on a grassy path,,strict,True,
dog,direct,dog,a dog circling before lying down in evening grass,,strict,True,
dog,direct,dog,a dog sitting calmly beside a wooden fence at dusk,,strict,True,
dog,direct,dog,a dog looking upward in a field of tall wheat,,strict,True,
dog,direct,dog,a dog shaking its head in a spray of morning dew,,strict,True,
dog,direct,dog,a dog sitting on a sun-bleached boulder at noon,,strict,True,
dog,direct,dog,a dog on a wooden dock beside a calm lake,,strict,True,
dog,direct,dog,a dog playing in an open field,,strict,True,
dog,direct,dog,a dog under warm afternoon light,,strict,True,
dog,direct,dog,a dog seen from above lying in green grass,,strict,True,
dog,direct,dog,a dog lapping from a woodland stream,,strict,True,
dog,direct,dog,a candid shot of a dog in an urban park,,strict,True,
dog,direct,dog,a dog running on a grassy path,,strict,True,
dog,direct,dog,a dog caught mid-motion in nature,,strict,True,
dog,direct,dog,a dog watching a trail of ants across a log,,strict,True,
dog,direct,dog,a dog shaking its head in a spray of morning dew,,strict,True,
dog,direct,dog,a dog pausing to look up in an open meadow,,strict,True,
dog,direct,dog,a dog disappearing into a tall hedgerow,,strict,True,
dog,direct,dog,a close-up of a dog in soft daylight,,strict,True,
dog,direct,dog,a dog nuzzled between tall wildflowers,,strict,True,
dog,direct,dog,a dog with ears perked in an alert pose,,strict,True,
dog,direct,dog,a dog shaking its head in a spray of morning dew,,strict,True,
dog,direct,dog,a dog resting its head on a fence rail,,strict,True,
dog,direct,dog,a dog looking curious in an outdoor setting,,strict,True,
dog,direct,dog,a documentary-style photo of a dog,,strict,True,
dog,direct,dog,a dog shaking its coat after a swim,,strict,True,
dog,direct,dog,a dog walking along the waterline at low tide,,strict,True,
dog,direct,dog,a dog rolling in dry grass in warm sunlight,,strict,True,
dog,direct,dog,a dog looking upward in a field of tall wheat,,strict,True,
dog,direct,dog,a dog poking its head through a gap in a hedge,,strict,True,
dog,direct,dog,a dog at full gallop across an open plain,,strict,True,
dog,direct,dog,a dog with ears perked in an alert pose,,strict,True,
dog,direct,dog,a dog with frost on its muzzle on a winter morning,,strict,True,
dog,direct,dog,a dog stepping out of shadow into bright sunlight,,strict,True,
dog,direct,dog,a photo of a dog in a natural setting,,strict,True,
dog,direct,dog,a dog captured in golden hour light,,strict,True,
dog,direct,dog,a dog with wind-ruffled fur on a hilltop,,strict,True,
dog,direct,dog,a dog on a wooden dock beside a calm lake,,strict,True,
dog,direct,dog,a dog in profile against a blurred green background,,strict,True,
dog,direct,dog,a dog perched on a hillside overlooking a valley,,strict,True,
dog,direct,dog,a dog watching a trail of ants across a log,,strict,True,
dog,direct,dog,a dog on a cliff edge gazing over a coastal vista,,strict,True,
dog,direct,dog,a dog with bright eyes in dappled forest light,,strict,True,
dog,direct,dog,a dog sitting calmly beside a wooden fence at dusk,,strict,True,
dog,direct,dog,a dog sitting calmly beside a wooden fence at dusk,,strict,True,
dog,direct,dog,a high-resolution photograph of a dog in the wild,,strict,True,
dog,direct,dog,a dog poking its head through a gap in a hedge,,strict,True,
dog,direct,dog,a dog moving through its environment,,strict,True,
dog,direct,dog,a dog trotting alongside a fence at sunset,,strict,True,
dog,direct,dog,a dog moving through its environment,,strict,True,
dog,direct,dog,a dog looking through a gap in a stone wall,,strict,True,
dog,direct,dog,a vivid photograph of a dog,,strict,True,
dog,direct,dog,a dog walking along the waterline at low tide,,strict,True,
dog,direct,dog,a dog watching a trail of ants across a log,,strict,True,
dog,direct,dog,a dog with its paws in a shallow tide pool,,strict,True,
dog,direct,dog,a dog sitting on a snowy hilltop at dawn,,strict,True,
dog,direct,dog,a dog snoozing in a patch of afternoon sun,,strict,True,
dog,direct,dog,a candid shot of a dog in an urban park,,strict,True,
dog,direct,dog,a dog looking upward in a field of tall wheat,,strict,True,
dog,direct,dog,a dog with bright eyes in dappled forest light,,strict,True,
dog,direct,dog,a dog splashing through a shallow river,,strict,True,
dog,indirect,dog,the silhouette that always barks first when a stranger approaches,woof|bark|fetch,strict,True,
dog,indirect,dog,a retriever pausing mid-lake to check its owner is still watching,labrador|retriever|breed,strict,True,
dog,indirect,dog,the persistent bark filling a quiet neighborhood at dusk,woof|bark|fetch,strict,True,
dog,indirect,dog,a weathered kennel perched on the sunny side of the yard,leash|collar|kennel,strict,True,
dog,indirect,dog,a tail that slapped every shin in a crowded kitchen at dinner time,snout|tail|fur,strict,True,
dog,indirect,dog,a retriever breed bred for water standing chest-deep in a river,labrador|retriever|breed,strict,True,
dog,indirect,dog,a tail going like a propeller the moment familiar footsteps approach,snout|tail|fur,strict,True,
dog,indirect,dog,a snout pressed flat to the earth following a trail through fallen leaves,snout|tail|fur,strict,True,
dog,indirect,dog,a one-eyed mutt with three legs and boundless enthusiasm,pooch|hound|mutt,strict,True,
dog,indirect,dog,a plucky mutt squeezing through a gap half its apparent width,pooch|hound|mutt,strict,True,
dog,indirect,dog,a shelter mutt pressing its nose through chain-link to greet a visitor,pooch|hound|mutt,strict,True,
dog,indirect,dog,a golden retriever asleep on the back seat after a long fetch session,labrador|retriever|breed,strict,True,
dog,indirect,dog,a treat hunt hidden around the garden to sharpen a working nose,bone|treat|obedient,strict,True,
dog,indirect,dog,dense fur that smells of pine and rain after an outdoor adventure,snout|tail|fur,strict,True,
dog,indirect,dog,a sight hound pivoting at full speed after a distant flicker,pooch|hound|mutt,strict,True,
dog,indirect,dog,a neighbourhood pooch that learned to open the gate by itself,pooch|hound|mutt,strict,True,
dog,indirect,dog,a blur of fur launching into the air to fetch a thrown ball,woof|bark|fetch,strict,True,
dog,indirect,dog,a shape launching off a dock to fetch a floating disc,woof|bark|fetch,strict,True,
dog,indirect,dog,a treat-dispensing puzzle toy keeping a sharp mind busy for an hour,bone|treat|obedient,strict,True,
dog,indirect,dog,a sharp bark cutting through morning fog from behind a hedge,woof|bark|fetch,strict,True,
dog,indirect,dog,a crunch of a dental bone filling an otherwise quiet afternoon,bone|treat|obedient,strict,True,
dog,indirect,dog,a treat flicked into the air and snatched with one clean snap,bone|treat|obedient,strict,True,
dog,indirect,dog,a playful companion shadowing every step through a sun-bright house,playful|loyal|companion,strict,True,
dog,indirect,dog,soft fur matted with burrs after a ramble through the hedgerow,snout|tail|fur,strict,True,
dog,indirect,dog,a snout hovering just above a still pond studying its own reflection,snout|tail|fur,strict,True,
dog,indirect,dog,a wet snout pressed against a cold windowpane on a rainy afternoon,snout|tail|fur,strict,True,
dog,indirect,dog,a soft woof in the dark from a shape lying at the foot of the bed,woof|bark|fetch,strict,True,
dog,indirect,dog,a hound baying at the moon from atop a garden wall,pooch|hound|mutt,strict,True,
dog,indirect,dog,a playful streak of fur that refuses to acknowledge the concept of bedtime,playful|loyal|companion,strict,True,
dog,indirect,dog,a sleepy puppy curled with tucked paws beside a fireplace,puppy|pup|paws,strict,True,
dog,indirect,dog,a puppy mid-tumble with all four paws in the air,puppy|pup|paws,strict,True,
dog,indirect,dog,a mixed-breed mutt with mismatched eyes and a perfect soul,pooch|hound|mutt,strict,True,
dog,indirect,dog,a leash tangled around a park bench leg in a moment of excitement,leash|collar|kennel,strict,True,
dog,indirect,dog,a puppy using its paws to dig a determined hole in soft earth,puppy|pup|paws,strict,True,
dog,indirect,dog,the animal whose every fetch ends in a triumphant full-body shake,woof|bark|fetch,strict,True,
dog,indirect,dog,a tireless fetcher racing back faster than it left,woof|bark|fetch,strict,True,
dog,indirect,dog,a scruffy little pooch peering out from under a too-large hat,pooch|hound|mutt,strict,True,
dog,indirect,dog,a loyal companion at the bedside of a recovering patient,playful|loyal|companion,strict,True,
dog,indirect,dog,a reliably obedient animal ignoring distractions on a busy trail,bone|treat|obedient,strict,True,
dog,indirect,dog,a loyal guard lying at the foot of a child's bed through every storm,playful|loyal|companion,strict,True,
dog,indirect,dog,a litter of pups piled together with paws tangled,puppy|pup|paws,strict,True,
dog,indirect,dog,a companion that knows an owner's mood before the owner does,playful|loyal|companion,strict,True,
dog,indirect,dog,a pack hound singing along to a distant siren from the garden,pooch|hound|mutt,strict,True,
dog,indirect,dog,a retriever breed portrait framed by autumn woodland,labrador|retriever|breed,strict,True,
dog,indirect,dog,a kennel with a chewed doorframe and a favourite blanket inside,leash|collar|kennel,strict,True,
dog,indirect,dog,a pup balanced on a log with careful paws splayed wide,puppy|pup|paws,strict,True,
dog,indirect,dog,a fraying leash telling stories of a hundred enthusiastic walks,leash|collar|kennel,strict,True,
dog,indirect,dog,an eager fetcher already pivoting before the throw is complete,woof|bark|fetch,strict,True,
dog,indirect,dog,a curious puppy sniffing a flower with paws planted wide apart,puppy|pup|paws,strict,True,
dog,indirect,dog,a golden pup sprawled with soft paws over a sleeping child,puppy|pup|paws,strict,True,
dog,indirect,dog,a tiny pup leaving wet paw prints on a kitchen tile floor,puppy|pup|paws,strict,True,
dog,indirect,dog,a beast with wide eyes waiting motionless for the next fetch signal,woof|bark|fetch,strict,True,
dog,indirect,dog,a well-bred working animal standing perfectly still on command,labrador|retriever|breed,strict,True,
dog,indirect,dog,a softly obedient creature leaning against its owner on a bench,bone|treat|obedient,strict,True,
dog,indirect,dog,a pup with enormous paws that hint at a much bigger adult,puppy|pup|paws,strict,True,
dog,indirect,dog,"an obedient creature that sits, stays, and shakes on the first word",bone|treat|obedient,strict,True,
dog,indirect,dog,an animal mid-air catching a frisbee it was sent to fetch,woof|bark|fetch,strict,True,
dog,indirect,dog,a companion curled tight against the cold on a narrow bunk,playful|loyal|companion,strict,True,
dog,indirect,dog,a slobbery toy left on a doorstep by an eager fetcher,woof|bark|fetch,strict,True,
dog,indirect,dog,a creature whose woof can rattle windows on a still morning,woof|bark|fetch,strict,True,
dog,indirect,dog,a leash looped neatly on a hook beside the front door,leash|collar|kennel,strict,True,
dog,indirect,dog,a playful mock-battle over a rope that always ends in a draw,playful|loyal|companion,strict,True,
dog,indirect,dog,a lovable mutt assembled from at least four different breeds,pooch|hound|mutt,strict,True,
dog,indirect,dog,a snout quivering as it tracks a scent across a muddy field,snout|tail|fur,strict,True,
dog,indirect,dog,a golden retriever bounding through ocean surf at low tide,labrador|retriever|breed,strict,True,
dog,indirect,dog,a matching collar and leash set gifted at Christmas,leash|collar|kennel,strict,True,
dog,indirect,dog,a well-gnawed bone surfaced during spring garden digging,bone|treat|obedient,strict,True,
dog,indirect,dog,a retriever carrying a newspaper without leaving a single tooth mark,labrador|retriever|breed,strict,True,
dog,indirect,dog,a working labrador in a bright assistance jacket on a busy platform,labrador|retriever|breed,strict,True,
dog,indirect,dog,fluffy fur catching the late sun in a halo of golden backlight,snout|tail|fur,strict,True,
dog,indirect,dog,a treat accidentally dropped sending both owner and animal scrambling,bone|treat|obedient,strict,True,
dog,indirect,dog,a running puppy whose paws barely seem to touch the ground,puppy|pup|paws,strict,True,
dog,indirect,dog,a loyal figure standing watch at the garden gate at dusk,playful|loyal|companion,strict,True,
dog,indirect,dog,a golden retriever's breed-defining smile in a sun-drenched park,labrador|retriever|breed,strict,True,
dog,indirect,dog,a pup standing on its hind paws to peer over a fence,puppy|pup|paws,strict,True,
dog,indirect,dog,thick fur dusted with fresh snow after a long run through the woods,snout|tail|fur,strict,True,
dog,indirect,dog,an obedient student graduating from training class with top marks,bone|treat|obedient,strict,True,
dog,indirect,dog,a hound frozen mid-step with one paw raised at a suspicious scent,pooch|hound|mutt,strict,True,
dog,indirect,dog,a snout parting wildflowers to investigate something hidden below,snout|tail|fur,strict,True,
dog,indirect,dog,a playful animal that treats every morning like the first morning,playful|loyal|companion,strict,True,
dog,indirect,dog,an obedient animal sitting perfectly still while a treat is balanced on its nose,bone|treat|obedient,strict,True,
dog,indirect,dog,a hidden stash of treats discovered under the sofa cushions,bone|treat|obedient,strict,True,
dog,indirect,dog,a companion at the other end of every long and quiet winter walk,playful|loyal|companion,strict,True,
dog,indirect,dog,a playful thief of socks who deposits them proudly at the front door,playful|loyal|companion,strict,True,
dog,indirect,dog,a playful bounce greeting that nearly topples a returning hiker,playful|loyal|companion,strict,True,
dog,indirect,dog,an excited animal dropping a soggy ball at a hiker's feet to fetch again,woof|bark|fetch,strict,True,
dog,indirect,dog,"a loyal shadow following through the kitchen, hall, and back again",playful|loyal|companion,strict,True,
dog,indirect,dog,an obedient animal frozen on command while birds land nearby,bone|treat|obedient,strict,True,
dog,indirect,dog,the retriever breed that always brings back more than you threw,labrador|retriever|breed,strict,True,
dog,indirect,dog,a playful sprint that ends in a dramatic belly-flop in tall grass,playful|loyal|companion,strict,True,
dog,indirect,dog,a new collar still stiff and bright on its first outing,leash|collar|kennel,strict,True,
dog,indirect,dog,a pup scrabbling its paws against a glass door to be let in,puppy|pup|paws,strict,True,
dog,indirect,dog,a pack of hounds streaming across a frost-covered hillside,pooch|hound|mutt,strict,True,
dog,indirect,dog,the source of a single loud woof rounding a garden corner,woof|bark|fetch,strict,True,
dog,indirect,dog,a collar buckle clicked shut before a long hike begins,leash|collar|kennel,strict,True,
dog,indirect,dog,a labrador staring intensely at a treat balanced on its own nose,labrador|retriever|breed,strict,True,
dog,indirect,dog,a sprinting animal so focused on a fetch it ignores everything else,woof|bark|fetch,strict,True,
dog,indirect,dog,a cozy kennel tucked in the corner of a garden shed,leash|collar|kennel,strict,True,
dog,indirect,dog,a tail held high while trotting proudly along a sun-drenched trail,snout|tail|fur,strict,True,
dog,indirect,dog,a retractable leash fully extended as its owner tries to keep pace,leash|collar|kennel,strict,True,
dog,indirect,dog,coarse fur bristling along the spine at an unfamiliar sound,snout|tail|fur,strict,True,
dog,indirect,dog,a kennel surrounded by worn patches of grass from repeated circling,leash|collar|kennel,strict,True,
dog,indirect,dog,a well-worn collar still warm from the neck it protected,leash|collar|kennel,strict,True,
dog,indirect,dog,a pampered pooch wrapped in a towel after a bath,pooch|hound|mutt,strict,True,
dog,indirect,dog,a newborn pup kneading its paws against its mother's warm coat,puppy|pup|paws,strict,True,
dog,indirect,dog,a snout detecting leftovers from two rooms away,snout|tail|fur,strict,True,
dog,indirect,dog,a show-breed animal posed on a grooming table under bright lights,labrador|retriever|breed,strict,True,
dog,indirect,dog,an obedient companion waiting at heel despite a squirrel passing by,bone|treat|obedient,strict,True,
dog,indirect,dog,a labrador with a tennis ball cheek-pouched like treasure,labrador|retriever|breed,strict,True,
dog,indirect,dog,a playful wrestling match between animal and a crumpled paper ball,playful|loyal|companion,strict,True,
dog,indirect,dog,a collar with a tiny bell that jingles on every midnight roam,leash|collar|kennel,strict,True,
dog,indirect,dog,a clumsy puppy tipping a water bowl while testing its paws,puppy|pup|paws,strict,True,
dog,indirect,dog,a tail sweeping crumbs off a low coffee table with one happy wag,snout|tail|fur,strict,True,
dog,indirect,dog,a loyal silhouette waiting at the window until its owner returns,playful|loyal|companion,strict,True,
dog,indirect,dog,a playful tail-chaser that catches itself and looks genuinely surprised,playful|loyal|companion,strict,True,
dog,indirect,dog,a curled tail resting over a tucked nose during a deep afternoon nap,snout|tail|fur,strict,True,
dog,indirect,dog,a tiny puppy with paws wrapped around a large rope toy,puppy|pup|paws,strict,True,
dog,indirect,dog,a fluffy pooch trotting beside a bicycle on a park loop,pooch|hound|mutt,strict,True,
dog,indirect,dog,a collar tag engraved with a name and a phone number,leash|collar|kennel,strict,True,
dog,indirect,dog,a playful bundle of energy spinning at the sound of the word park,playful|loyal|companion,strict,True,
dog,indirect,dog,a playful pup chasing its tail and tripping over its own paws,puppy|pup|paws,strict,True,
dog,indirect,dog,a rawhide bone slowly disintegrating into a proud pile of shreds,bone|treat|obedient,strict,True,
dog,indirect,dog,a rapid woof echoing across an empty hillside at dawn,woof|bark|fetch,strict,True,
dog,indirect,dog,a leash handle worn smooth from thousands of morning walks,leash|collar|kennel,strict,True,
dog,indirect,dog,a labrador's breed-typical enthusiasm making tea-time perilous,labrador|retriever|breed,strict,True,
dog,indirect,dog,a cheerful mutt waiting at the school gates every afternoon,pooch|hound|mutt,strict,True,
dog,indirect,dog,a breed champion's rosette hanging beside a water bowl,labrador|retriever|breed,strict,True,
dog,indirect,dog,a trusted companion reading the terrain ahead of an evening run,playful|loyal|companion,strict,True,
dog,indirect,dog,a kennel whose occupant always pokes its nose out at dinnertime,leash|collar|kennel,strict,True,
dog,indirect,dog,a rain-soaked fur coat steaming in the warmth of a kitchen doorway,snout|tail|fur,strict,True,
dog,indirect,dog,a rescued mutt blinking in disbelief at its new warm home,pooch|hound|mutt,strict,True,
dog,indirect,dog,the loyal shape that barks exactly twice then sits and waits,woof|bark|fetch,strict,True,
dog,indirect,dog,a gnawed bone trophy dragged under the bed for safe keeping,bone|treat|obedient,strict,True,
dog,indirect,dog,a yard echoing with a deep bark from behind a picket fence,woof|bark|fetch,strict,True,
dog,indirect,dog,a labrador's distinctive otter tail sweeping through long grass,labrador|retriever|breed,strict,True,
dog,indirect,dog,a kennel decorated with paw-print bunting for a birthday,leash|collar|kennel,strict,True,
dog,indirect,dog,a thigh bone larger than the animal attempting to carry it,bone|treat|obedient,strict,True,
dog,indirect,dog,a spotted puppy planting its paws on the edge of a garden pond,puppy|pup|paws,strict,True,
dog,indirect,dog,a prized bone buried with great ceremony in the vegetable garden,bone|treat|obedient,strict,True,
dog,indirect,dog,a sleepy puppy stretching its paws across a warm laptop keyboard,puppy|pup|paws,strict,True,
dog,indirect,dog,a muddy beast bursting through tall grass with a prize to fetch,woof|bark|fetch,strict,True,
dog,indirect,dog,a reliably obedient companion guiding its owner safely across traffic,bone|treat|obedient,strict,True,
dog,indirect,dog,a golden retriever that lives up entirely to its name,labrador|retriever|breed,strict,True,
dog,indirect,dog,a leash coiled on a doorstep beside a pair of muddy boots,leash|collar|kennel,strict,True,
dog,indirect,dog,a puppy with paws on the car window watching the countryside,puppy|pup|paws,strict,True,
dog,indirect,dog,a loyal presence matching its owner's pace whether brisk or slow,playful|loyal|companion,strict,True,
dog,indirect,dog,a retriever breed known the world over for its gentle patience,labrador|retriever|breed,strict,True,
dog,indirect,dog,a breed trial winner standing at attention in a grassy arena,labrador|retriever|breed,strict,True,
dog,indirect,dog,a muddy puppy with oversized paws bounding across a backyard lawn,puppy|pup|paws,strict,True,
dog,indirect,dog,an obedient animal dropping to a down-stay mid-sprint on a single word,bone|treat|obedient,strict,True,
dog,indirect,dog,a lap pooch draped over an armrest like a warm living stole,pooch|hound|mutt,strict,True,
dog,indirect,dog,a treat pouch rattling to summon an instant crowd of one,bone|treat|obedient,strict,True,
dog,indirect,dog,a snout covered in flour after investigating the baking counter,snout|tail|fur,strict,True,
dog,indirect,dog,a spoiled pooch eyeing the last biscuit from a silken cushion,pooch|hound|mutt,strict,True,
dog,indirect,dog,a waterproof fur coat shedding droplets in a sparkling arc,snout|tail|fur,strict,True,
dog,indirect,dog,a creature bounding back with a branch three times its size,woof|bark|fetch,strict,True,
dog,indirect,dog,a chocolate labrador shaking lake water into a rainbow of droplets,labrador|retriever|breed,strict,True,
dog,indirect,dog,a slow-cooked marrow bone cooling on the kitchen counter,bone|treat|obedient,strict,True,
dog,indirect,dog,a shy pup hiding under a chair with paws peeking out,puppy|pup|paws,strict,True,
dog,indirect,dog,a playful zoomie circuit that laps the garden three times before stopping,playful|loyal|companion,strict,True,
dog,indirect,dog,a retrieving creature plunging into a lake after a floating stick,woof|bark|fetch,strict,True,
dog,indirect,dog,a glowing reflective collar catching headlights on an evening walk,leash|collar|kennel,strict,True,
dog,indirect,dog,a snout nudging a sleeping owner's hand at first light,snout|tail|fur,strict,True,
dog,indirect,dog,a puppy learning to swim with frantic paws churning the water,puppy|pup|paws,strict,True,
dog,indirect,dog,a yellow labrador guiding its owner through a busy crosswalk,labrador|retriever|breed,strict,True,
dog,indirect,dog,a neighbourhood pooch that has adopted every porch on the block,pooch|hound|mutt,strict,True,
dog,indirect,dog,a companion steady at its owner's side through noise and chaos,playful|loyal|companion,strict,True,
dog,indirect,dog,a black labrador pressed against a child's side in a hospital corridor,labrador|retriever|breed,strict,True,
dog,indirect,dog,a taut leash stretching toward a rustling bush in the undergrowth,leash|collar|kennel,strict,True,
dog,indirect,dog,a weary hound collapsed in the shade after a long hunt,pooch|hound|mutt,strict,True,
dog,indirect,dog,a hound following a scent trail through an early-morning meadow,pooch|hound|mutt,strict,True,
dog,indirect,dog,a puppy grooming its own paws in afternoon light,puppy|pup|paws,strict,True,
dog,indirect,dog,a tail knocking a vase off the mantelpiece in pure joy,snout|tail|fur,strict,True,
dog,indirect,dog,a distant bark leading rescuers through deep snow,woof|bark|fetch,strict,True,
dog,indirect,dog,a treat dispensed as reward for an immaculate recall across a park,bone|treat|obedient,strict,True,
dog,indirect,dog,a snout tilted skyward catching the scent of a distant barbecue,snout|tail|fur,strict,True,
dog,indirect,dog,a companion whose loyalty outlasted every hardship in the field,playful|loyal|companion,strict,True,
dog,indirect,dog,a squeaky bone that causes immediate pandemonium in a quiet room,bone|treat|obedient,strict,True,
dog,indirect,dog,a chocolate labrador curled into a perfect circle beside a log fire,labrador|retriever|breed,strict,True,
dog,indirect,dog,a mutt of uncertain heritage that wins every heart regardless,pooch|hound|mutt,strict,True,
dog,indirect,dog,a working breed alert in a search-and-rescue harness,labrador|retriever|breed,strict,True,
dog,indirect,dog,a kennel half-buried in snow with a warm glow from within,leash|collar|kennel,strict,True,
dog,indirect,dog,the woof that always means a visitor has arrived at the gate,woof|bark|fetch,strict,True,
dog,indirect,dog,a playful nose pressed to every door crack in a new building,playful|loyal|companion,strict,True,
dog,indirect,dog,a soggy pooch emerging from a hedge with twigs in its coat,pooch|hound|mutt,strict,True,
dog,indirect,dog,a wriggling pup pressed flat with outstretched paws on cold stone,puppy|pup|paws,strict,True,
dog,indirect,dog,a labrador puppy already showing the breed's iconic soft expression,labrador|retriever|breed,strict,True,
dog,indirect,dog,a tail tucked tightly on the first visit to the veterinarian,snout|tail|fur,strict,True,
dog,indirect,dog,a pocket full of treats that telegraphs a training session is coming,bone|treat|obedient,strict,True,
dog,indirect,dog,a playful thud as two animals tumble across a living room rug,playful|loyal|companion,strict,True,
dog,indirect,dog,a scent hound with ears dragging through long dewy grass,pooch|hound|mutt,strict,True,
dog,indirect,dog,a dripping retriever emerging from a stream with a fetched stick,woof|bark|fetch,strict,True,
dog,indirect,dog,a tiny pooch whose bark suggests a much bigger animal,pooch|hound|mutt,strict,True,
dog,indirect,dog,a leather collar with a brass tag catching the afternoon light,leash|collar|kennel,strict,True,
dog,indirect,dog,a snapped leash clip left swinging on an empty fence post,leash|collar|kennel,strict,True,
dog,indirect,dog,a tail wagging so hard it steers the whole hind end sideways,snout|tail|fur,strict,True,
dog,indirect,dog,short fur prickling with static electricity on a dry winter day,snout|tail|fur,strict,True,
dog,indirect,dog,a bright red collar bobbing through a sea of autumn leaves,leash|collar|kennel,strict,True,
dog,indirect,dog,a fluffy pup leaving tiny paw prints along a snowy path,puppy|pup|paws,strict,True,
dog,indirect,dog,a kennel with a name painted above the door in cheerful letters,leash|collar|kennel,strict,True,
dog,neighbor,puppy,"a realistic puppy standing outdoors, under overcast skies",,strict,True,
dog,neighbor,puppy,"a puppy near water at sunset, under overcast skies",,strict,True,
dog,neighbor,puppy,"a realistic puppy standing outdoors, in crisp detail",,strict,True,
dog,neighbor,puppy,"a documentary-style photo of a puppy, under overcast skies",,strict,True,
dog,neighbor,puppy,"a puppy under warm afternoon light, with natural lighting",,strict,True,
dog,neighbor,puppy,"a close-up of a puppy in soft daylight, with cinematic framing",,strict,True,
dog,neighbor,puppy,"a sharply focused puppy with a blurred background, under overcast skies",,strict,True,
dog,neighbor,puppy,"a sharply focused puppy with a blurred background, in a serene setting",,strict,True,
dog,neighbor,puppy,"a high-resolution photograph of a puppy in the wild, with cinematic framing",,strict,True,
dog,neighbor,puppy,"a realistic puppy standing outdoors, in a serene setting",,strict,True,
dog,neighbor,puppy,"a puppy near water at sunset, with natural lighting",,strict,True,
dog,neighbor,puppy,"a detailed image of a puppy, in a serene setting",,strict,True,
dog,neighbor,puppy,"a close-up of a puppy in soft daylight, in crisp detail",,strict,True,
dog,neighbor,puppy,"a realistic puppy standing outdoors, with natural lighting",,strict,True,
dog,neighbor,puppy,"a realistic puppy standing outdoors, with cinematic framing",,strict,True,
dog,neighbor,puppy,"a photo of a puppy in a natural setting, under overcast skies",,strict,True,
dog,neighbor,puppy,"a documentary-style photo of a puppy, with cinematic framing",,strict,True,
dog,neighbor,puppy,"a detailed image of a puppy, with natural lighting",,strict,True,
dog,neighbor,puppy,"a detailed image of a puppy, under overcast skies",,strict,True,
dog,neighbor,puppy,"a photo of a puppy in a natural setting, in a serene setting",,strict,True,
dog,neighbor,labrador,"a documentary-style photo of a labrador, with natural lighting",,strict,True,
dog,neighbor,labrador,"a labrador moving through its environment, with cinematic framing",,strict,True,
dog,neighbor,labrador,"a labrador near water at sunset, in a serene setting",,strict,True,
dog,neighbor,labrador,"a sharply focused labrador with a blurred background, under overcast skies",,strict,True,
dog,neighbor,labrador,"a close-up of a labrador in soft daylight, in crisp detail",,strict,True,
dog,neighbor,labrador,"a realistic labrador standing outdoors, with cinematic framing",,strict,True,
dog,neighbor,labrador,"a documentary-style photo of a labrador, with cinematic framing",,strict,True,
dog,neighbor,labrador,"a labrador moving through its environment, in a serene setting",,strict,True,
dog,neighbor,labrador,"a labrador moving through its environment, in crisp detail",,strict,True,
dog,neighbor,labrador,"a labrador under warm afternoon light, in a serene setting",,strict,True,
dog,neighbor,labrador,"a photo of a labrador in a natural setting, in a serene setting",,strict,True,
dog,neighbor,labrador,"a labrador under warm afternoon light, with natural lighting",,strict,True,
dog,neighbor,labrador,"a labrador moving through its environment, with natural lighting",,strict,True,
dog,neighbor,labrador,"a detailed image of a labrador, with cinematic framing",,strict,True,
dog,neighbor,labrador,"a sharply focused labrador with a blurred background, in a serene setting",,strict,True,
dog,neighbor,labrador,"a documentary-style photo of a labrador, under overcast skies",,strict,True,
dog,neighbor,labrador,"a labrador near water at sunset, in crisp detail",,strict,True,
dog,neighbor,labrador,"a realistic labrador standing outdoors, with natural lighting",,strict,True,
dog,neighbor,labrador,"a sharply focused labrador with a blurred background, with cinematic framing",,strict,True,
dog,neighbor,labrador,"a documentary-style photo of a labrador, in a serene setting",,strict,True,
dog,neighbor,husky,"a husky moving through its environment, under overcast skies",,strict,True,
dog,neighbor,husky,"a high-resolution photograph of a husky in the wild, under overcast skies",,strict,True,
dog,neighbor,husky,"a documentary-style photo of a husky, with cinematic framing",,strict,True,
dog,neighbor,husky,"a sharply focused husky with a blurred background, under overcast skies",,strict,True,
dog,neighbor,husky,"a photo of a husky in a natural setting, with natural lighting",,strict,True,
dog,neighbor,husky,"a close-up of a husky in soft daylight, with natural lighting",,strict,True,
dog,neighbor,husky,"a close-up of a husky in soft daylight, in crisp detail",,strict,True,
dog,neighbor,husky,"a detailed image of a husky, with natural lighting",,strict,True,
dog,neighbor,husky,"a husky near water at sunset, with natural lighting",,strict,True,
dog,neighbor,husky,"a husky near water at sunset, in crisp detail",,strict,True,
dog,neighbor,husky,"a close-up of a husky in soft daylight, in a serene setting",,strict,True,
dog,neighbor,husky,"a detailed image of a husky, in a serene setting",,strict,True,
dog,neighbor,husky,"a high-resolution photograph of a husky in the wild, in a serene setting",,strict,True,
dog,neighbor,husky,"a detailed image of a husky, with cinematic framing",,strict,True,
dog,neighbor,husky,"a husky under warm afternoon light, in crisp detail",,strict,True,
dog,neighbor,husky,"a photo of a husky in a natural setting, in a serene setting",,strict,True,
dog,neighbor,husky,"a documentary-style photo of a husky, in a serene setting",,strict,True,
dog,neighbor,husky,"a realistic husky standing outdoors, in crisp detail",,strict,True,
dog,neighbor,husky,"a husky under warm afternoon light, with cinematic framing",,strict,True,
dog,neighbor,husky,"a husky moving through its environment, with natural lighting",,strict,True,
dog,neighbor,beagle,"a beagle under warm afternoon light, with natural lighting",,strict,True,
dog,neighbor,beagle,"a close-up of a beagle in soft daylight, with natural lighting",,strict,True,
dog,neighbor,beagle,"a detailed image of a beagle, under overcast skies",,strict,True,
dog,neighbor,beagle,"a sharply focused beagle with a blurred background, in crisp detail",,strict,True,
dog,neighbor,beagle,"a beagle under warm afternoon light, in crisp detail",,strict,True,
dog,neighbor,beagle,"a realistic beagle standing outdoors, with natural lighting",,strict,True,
dog,neighbor,beagle,"a beagle moving through its environment, in crisp detail",,strict,True,
dog,neighbor,beagle,"a photo of a beagle in a natural setting, with natural lighting",,strict,True,
dog,neighbor,beagle,"a high-resolution photograph of a beagle in the wild, in a serene setting",,strict,True,
dog,neighbor,beagle,"a documentary-style photo of a beagle, with cinematic framing",,strict,True,
dog,neighbor,beagle,"a realistic beagle standing outdoors, with cinematic framing",,strict,True,
dog,neighbor,beagle,"a beagle under warm afternoon light, under overcast skies",,strict,True,
dog,neighbor,beagle,"a detailed image of a beagle, with cinematic framing",,strict,True,
dog,neighbor,beagle,"a realistic beagle standing outdoors, under overcast skies",,strict,True,
dog,neighbor,beagle,"a documentary-style photo of a beagle, in crisp detail",,strict,True,
dog,neighbor,beagle,"a photo of a beagle in a natural setting, with cinematic framing",,strict,True,
dog,neighbor,beagle,"a photo of a beagle in a natural setting, in a serene setting",,strict,True,
dog,neighbor,beagle,"a close-up of a beagle in soft daylight, with cinematic framing",,strict,True,
dog,neighbor,beagle,"a detailed image of a beagle, with natural lighting",,strict,True,
dog,neighbor,beagle,"a high-resolution photograph of a beagle in the wild, with natural lighting",,strict,True,
dog,neighbor,retriever,a close-up of a retriever in soft daylight,,strict,True,
dog,neighbor,retriever,a photo of a retriever in a natural setting,,strict,True,
dog,neighbor,retriever,a retriever moving through its environment,,strict,True,
dog,neighbor,retriever,a retriever near water at sunset,,strict,True,
dog,neighbor,retriever,a realistic retriever standing outdoors,,strict,True,
dog,neighbor,retriever,a documentary-style photo of a retriever,,strict,True,
dog,neighbor,retriever,a sharply focused retriever with a blurred background,,strict,True,
dog,neighbor,retriever,a high-resolution photograph of a retriever in the wild,,strict,True,
dog,neighbor,retriever,a retriever under warm afternoon light,,strict,True,
dog,neighbor,retriever,a detailed image of a retriever,,strict,True,
dog,neighbor,retriever,a studio-quality photo of a retriever,,strict,True,
dog,neighbor,retriever,a cinematic portrait of a retriever,,strict,True,
dog,neighbor,retriever,a professional photograph of a retriever,,strict,True,
dog,neighbor,retriever,a naturalistic depiction of a retriever,,strict,True,
dog,neighbor,retriever,a photorealistic image of a retriever,,strict,True,
dog,neighbor,retriever,a highly detailed view of a retriever,,strict,True,
dog,neighbor,retriever,a retriever in golden-hour lighting,,strict,True,
dog,neighbor,retriever,a retriever under overcast daylight,,strict,True,
dog,neighbor,retriever,a retriever at sunrise with soft haze,,strict,True,
dog,neighbor,retriever,a clean composition featuring a retriever,,strict,True,
dog,neighbor,coyote,"a coyote under warm afternoon light, in a serene setting",,strict,True,
dog,neighbor,coyote,"a coyote moving through its environment, in a serene setting",,strict,True,
dog,neighbor,coyote,"a detailed image of a coyote, with natural lighting",,strict,True,
dog,neighbor,coyote,"a documentary-style photo of a coyote, in a serene setting",,strict,True,
dog,neighbor,coyote,"a documentary-style photo of a coyote, with natural lighting",,strict,True,
dog,neighbor,coyote,"a photo of a coyote in a natural setting, under overcast skies",,strict,True,
dog,neighbor,coyote,"a coyote near water at sunset, in a serene setting",,strict,True,
dog,neighbor,coyote,"a photo of a coyote in a natural setting, with cinematic framing",,strict,True,
dog,neighbor,coyote,"a coyote near water at sunset, with cinematic framing",,strict,True,
dog,neighbor,coyote,"a high-resolution photograph of a coyote in the wild, with natural lighting",,strict,True,
dog,neighbor,coyote,"a photo of a coyote in a natural setting, in a serene setting",,strict,True,
dog,neighbor,coyote,"a sharply focused coyote with a blurred background, under overcast skies",,strict,True,
dog,neighbor,coyote,"a coyote under warm afternoon light, in crisp detail",,strict,True,
dog,neighbor,coyote,"a coyote under warm afternoon light, with cinematic framing",,strict,True,
dog,neighbor,coyote,"a documentary-style photo of a coyote, in crisp detail",,strict,True,
dog,neighbor,coyote,"a close-up of a coyote in soft daylight, with natural lighting",,strict,True,
dog,neighbor,coyote,"a detailed image of a coyote, under overcast skies",,strict,True,
dog,neighbor,coyote,"a coyote under warm afternoon light, under overcast skies",,strict,True,
dog,neighbor,coyote,"a close-up of a coyote in soft daylight, with cinematic framing",,strict,True,
dog,neighbor,coyote,"a realistic coyote standing outdoors, with cinematic framing",,strict,True,
dog,neighbor,dingo,"a realistic dingo standing outdoors, with natural lighting",,strict,True,
dog,neighbor,dingo,"a detailed image of a dingo, in a serene setting",,strict,True,
dog,neighbor,dingo,"a high-resolution photograph of a dingo in the wild, in a serene setting",,strict,True,
dog,neighbor,dingo,"a detailed image of a dingo, with cinematic framing",,strict,True,
dog,neighbor,dingo,"a dingo near water at sunset, with natural lighting",,strict,True,
dog,neighbor,dingo,"a close-up of a dingo in soft daylight, with cinematic framing",,strict,True,
dog,neighbor,dingo,"a dingo near water at sunset, in a serene setting",,strict,True,
dog,neighbor,dingo,"a high-resolution photograph of a dingo in the wild, with cinematic framing",,strict,True,
dog,neighbor,dingo,"a documentary-style photo of a dingo, under overcast skies",,strict,True,
dog,neighbor,dingo,"a high-resolution photograph of a dingo in the wild, in crisp detail",,strict,True,
dog,neighbor,dingo,"a dingo moving through its environment, in crisp detail",,strict,True,
dog,neighbor,dingo,"a high-resolution photograph of a dingo in the wild, with natural lighting",,strict,True,
dog,neighbor,dingo,"a realistic dingo standing outdoors, in crisp detail",,strict,True,
dog,neighbor,dingo,"a photo of a dingo in a natural setting, in a serene setting",,strict,True,
dog,neighbor,dingo,"a dingo under warm afternoon light, with cinematic framing",,strict,True,
dog,neighbor,dingo,"a dingo moving through its environment, with cinematic framing",,strict,True,
dog,neighbor,dingo,"a photo of a dingo in a natural setting, with cinematic framing",,strict,True,
dog,neighbor,dingo,"a high-resolution photograph of a dingo in the wild, under overcast skies",,strict,True,
dog,neighbor,dingo,"a close-up of a dingo in soft daylight, with natural lighting",,strict,True,
dog,neighbor,dingo,"a documentary-style photo of a dingo, in a serene setting",,strict,True,
dog,neighbor,fox,"a documentary-style photo of a fox, in a serene setting",,strict,True,
dog,neighbor,fox,"a realistic fox standing outdoors, with cinematic framing",,strict,True,
dog,neighbor,fox,"a detailed image of a fox, with cinematic framing",,strict,True,
dog,neighbor,fox,"a close-up of a fox in soft daylight, with cinematic framing",,strict,True,
dog,neighbor,fox,"a fox near water at sunset, in a serene setting",,strict,True,
dog,neighbor,fox,"a high-resolution photograph of a fox in the wild, in a serene setting",,strict,True,
dog,neighbor,fox,"a realistic fox standing outdoors, with natural lighting",,strict,True,
dog,neighbor,fox,"a close-up of a fox in soft daylight, in a serene setting",,strict,True,
dog,neighbor,fox,"a close-up of a fox in soft daylight, under overcast skies",,strict,True,
dog,neighbor,fox,"a documentary-style photo of a fox, in crisp detail",,strict,True,
dog,neighbor,fox,"a high-resolution photograph of a fox in the wild, with cinematic framing",,strict,True,
dog,neighbor,fox,"a detailed image of a fox, with natural lighting",,strict,True,
dog,neighbor,fox,"a fox moving through its environment, in a serene setting",,strict,True,
dog,neighbor,fox,"a detailed image of a fox, under overcast skies",,strict,True,
dog,neighbor,fox,"a photo of a fox in a natural setting, under overcast skies",,strict,True,
dog,neighbor,fox,"a photo of a fox in a natural setting, with cinematic framing",,strict,True,
dog,neighbor,fox,"a photo of a fox in a natural setting, with natural lighting",,strict,True,
dog,neighbor,fox,"a close-up of a fox in soft daylight, in crisp detail",,strict,True,
dog,neighbor,fox,"a detailed image of a fox, in a serene setting",,strict,True,
dog,neighbor,fox,"a documentary-style photo of a fox, under overcast skies",,strict,True,
dog,neighbor,hyena,"a detailed image of a hyena, in a serene setting",,strict,True,
dog,neighbor,hyena,"a hyena moving through its environment, under overcast skies",,strict,True,
dog,neighbor,hyena,"a hyena moving through its environment, in a serene setting",,strict,True,
dog,neighbor,hyena,"a sharply focused hyena with a blurred background, with cinematic framing",,strict,True,
dog,neighbor,hyena,"a hyena near water at sunset, in a serene setting",,strict,True,
dog,neighbor,hyena,"a sharply focused hyena with a blurred background, with natural lighting",,strict,True,
dog,neighbor,hyena,"a hyena under warm afternoon light, with natural lighting",,strict,True,
dog,neighbor,hyena,"a photo of a hyena in a natural setting, in crisp detail",,strict,True,
dog,neighbor,hyena,"a documentary-style photo of a hyena, in a serene setting",,strict,True,
dog,neighbor,hyena,"a close-up of a hyena in soft daylight, in crisp detail",,strict,True,
dog,neighbor,hyena,"a documentary-style photo of a hyena, with cinematic framing",,strict,True,
dog,neighbor,hyena,"a photo of a hyena in a natural setting, with natural lighting",,strict,True,
dog,neighbor,hyena,"a detailed image of a hyena, in crisp detail",,strict,True,
dog,neighbor,hyena,"a close-up of a hyena in soft daylight, with cinematic framing",,strict,True,
dog,neighbor,hyena,"a documentary-style photo of a hyena, under overcast skies",,strict,True,
dog,neighbor,hyena,"a realistic hyena standing outdoors, under overcast skies",,strict,True,
dog,neighbor,hyena,"a hyena near water at sunset, under overcast skies",,strict,True,
dog,neighbor,hyena,"a realistic hyena standing outdoors, in crisp detail",,strict,True,
dog,neighbor,hyena,"a high-resolution photograph of a hyena in the wild, with cinematic framing",,strict,True,
dog,neighbor,hyena,"a hyena moving through its environment, with natural lighting",,strict,True,
dog,neighbor,jackal,"a photo of a jackal in a natural setting, in a serene setting",,strict,True,
dog,neighbor,jackal,"a documentary-style photo of a jackal, with natural lighting",,strict,True,
dog,neighbor,jackal,"a detailed image of a jackal, with natural lighting",,strict,True,
dog,neighbor,jackal,"a high-resolution photograph of a jackal in the wild, with natural lighting",,strict,True,
dog,neighbor,jackal,"a high-resolution photograph of a jackal in the wild, in crisp detail",,strict,True,
dog,neighbor,jackal,"a high-resolution photograph of a jackal in the wild, with cinematic framing",,strict,True,
dog,neighbor,jackal,"a sharply focused jackal with a blurred background, under overcast skies",,strict,True,
dog,neighbor,jackal,"a sharply focused jackal with a blurred background, in a serene setting",,strict,True,
dog,neighbor,jackal,"a jackal moving through its environment, in a serene setting",,strict,True,
dog,neighbor,jackal,"a jackal moving through its environment, with natural lighting",,strict,True,
dog,neighbor,jackal,"a close-up of a jackal in soft daylight, with natural lighting",,strict,True,
dog,neighbor,jackal,"a jackal moving through its environment, in crisp detail",,strict,True,
dog,neighbor,jackal,"a jackal under warm afternoon light, under overcast skies",,strict,True,
dog,neighbor,jackal,"a jackal under warm afternoon light, in crisp detail",,strict,True,
dog,neighbor,jackal,"a detailed image of a jackal, with cinematic framing",,strict,True,
dog,neighbor,jackal,"a sharply focused jackal with a blurred background, with natural lighting",,strict,True,
dog,neighbor,jackal,"a close-up of a jackal in soft daylight, in a serene setting",,strict,True,
dog,neighbor,jackal,"a photo of a jackal in a natural setting, in crisp detail",,strict,True,
dog,neighbor,jackal,"a jackal moving through its environment, with cinematic framing",,strict,True,
dog,neighbor,jackal,"a jackal under warm afternoon light, with cinematic framing",,strict,True,
dog,control,jellyfish,"a close-up of a jellyfish in soft daylight, under overcast skies",,strict,True,
dog,control,jellyfish,"a jellyfish under warm afternoon light, under overcast skies",,strict,True,
dog,control,jellyfish,"a realistic jellyfish standing outdoors, in a serene setting",,strict,True,
dog,control,jellyfish,"a photo of a jellyfish in a natural setting, in crisp detail",,strict,True,
dog,control,jellyfish,"a jellyfish under warm afternoon light, with cinematic framing",,strict,True,
dog,control,jellyfish,"a jellyfish near water at sunset, under overcast skies",,strict,True,
dog,control,jellyfish,"a documentary-style photo of a jellyfish, under overcast skies",,strict,True,
dog,control,jellyfish,"a documentary-style photo of a jellyfish, with natural lighting",,strict,True,
dog,control,jellyfish,"a jellyfish near water at sunset, in crisp detail",,strict,True,
dog,control,jellyfish,"a detailed image of a jellyfish, in a serene setting",,strict,True,
dog,control,jellyfish,"a jellyfish moving through its environment, with cinematic framing",,strict,True,
dog,control,jellyfish,"a sharply focused jellyfish with a blurred background, under overcast skies",,strict,True,
dog,control,jellyfish,"a close-up of a jellyfish in soft daylight, with natural lighting",,strict,True,
dog,control,jellyfish,"a jellyfish near water at sunset, with natural lighting",,strict,True,
dog,control,jellyfish,"a high-resolution photograph of a jellyfish in the wild, under overcast skies",,strict,True,
dog,control,jellyfish,"a detailed image of a jellyfish, in crisp detail",,strict,True,
dog,control,jellyfish,"a documentary-style photo of a jellyfish, in crisp detail",,strict,True,
dog,control,jellyfish,"a detailed image of a jellyfish, with cinematic framing",,strict,True,
dog,control,jellyfish,"a realistic jellyfish standing outdoors, in crisp detail",,strict,True,
dog,control,jellyfish,"a jellyfish moving through its environment, under overcast skies",,strict,True,
dog,control,police car,"a police car moving through its environment, in crisp detail",,strict,True,
dog,control,police car,"a documentary-style photo of a police car, with cinematic framing",,strict,True,
dog,control,police car,"a high-resolution photograph of a police car in the wild, in crisp detail",,strict,True,
dog,control,police car,"a detailed image of a police car, in crisp detail",,strict,True,
dog,control,police car,"a detailed image of a police car, in a serene setting",,strict,True,
dog,control,police car,"a realistic police car standing outdoors, in a serene setting",,strict,True,
dog,control,police car,"a police car moving through its environment, under overcast skies",,strict,True,
dog,control,police car,"a documentary-style photo of a police car, in a serene setting",,strict,True,
dog,control,police car,"a close-up of a police car in soft daylight, in crisp detail",,strict,True,
dog,control,police car,"a high-resolution photograph of a police car in the wild, with cinematic framing",,strict,True,
dog,control,police car,"a close-up of a police car in soft daylight, with cinematic framing",,strict,True,
dog,control,police car,"a sharply focused police car with a blurred background, with cinematic framing",,strict,True,
dog,control,police car,"a police car near water at sunset, in a serene setting",,strict,True,
dog,control,police car,"a sharply focused police car with a blurred background, in a serene setting",,strict,True,
dog,control,police car,"a police car under warm afternoon light, in crisp detail",,strict,True,
dog,control,police car,"a close-up of a police car in soft daylight, with natural lighting",,strict,True,
dog,control,police car,"a police car moving through its environment, with natural lighting",,strict,True,
dog,control,police car,"a realistic police car standing outdoors, under overcast skies",,strict,True,
dog,control,police car,"a police car under warm afternoon light, in a serene setting",,strict,True,
dog,control,police car,"a documentary-style photo of a police car, in crisp detail",,strict,True,
dog,control,cactus,a close-up of a cactus in soft daylight,,strict,True,
dog,control,cactus,a photo of a cactus in a natural setting,,strict,True,
dog,control,cactus,a cactus moving through its environment,,strict,True,
dog,control,cactus,a cactus near water at sunset,,strict,True,
dog,control,cactus,a realistic cactus standing outdoors,,strict,True,
dog,control,cactus,a documentary-style photo of a cactus,,strict,True,
dog,control,cactus,a sharply focused cactus with a blurred background,,strict,True,
dog,control,cactus,a high-resolution photograph of a cactus in the wild,,strict,True,
dog,control,cactus,a cactus under warm afternoon light,,strict,True,
dog,control,cactus,a detailed image of a cactus,,strict,True,
dog,control,cactus,a studio-quality photo of a cactus,,strict,True,
dog,control,cactus,a cinematic portrait of a cactus,,strict,True,
dog,control,cactus,a professional photograph of a cactus,,strict,True,
dog,control,cactus,a naturalistic depiction of a cactus,,strict,True,
dog,control,cactus,a photorealistic image of a cactus,,strict,True,
dog,control,cactus,a highly detailed view of a cactus,,strict,True,
dog,control,cactus,a cactus in golden-hour lighting,,strict,True,
dog,control,cactus,a cactus under overcast daylight,,strict,True,
dog,control,cactus,a cactus at sunrise with soft haze,,strict,True,
dog,control,cactus,a clean composition featuring a cactus,,strict,True,
dog,control,melon,"a melon near water at sunset, with cinematic framing",,strict,True,
dog,control,melon,"a sharply focused melon with a blurred background, with cinematic framing",,strict,True,
dog,control,melon,"a detailed image of a melon, with cinematic framing",,strict,True,
dog,control,melon,"a melon near water at sunset, in a serene setting",,strict,True,
dog,control,melon,"a melon near water at sunset, with natural lighting",,strict,True,
dog,control,melon,"a high-resolution photograph of a melon in the wild, under overcast skies",,strict,True,
dog,control,melon,"a realistic melon standing outdoors, in a serene setting",,strict,True,
dog,control,melon,"a melon moving through its environment, with natural lighting",,strict,True,
dog,control,melon,"a documentary-style photo of a melon, in a serene setting",,strict,True,
dog,control,melon,"a sharply focused melon with a blurred background, in crisp detail",,strict,True,
dog,control,melon,"a high-resolution photograph of a melon in the wild, with natural lighting",,strict,True,
dog,control,melon,"a melon moving through its environment, in a serene setting",,strict,True,
dog,control,melon,"a melon moving through its environment, under overcast skies",,strict,True,
dog,control,melon,"a documentary-style photo of a melon, with natural lighting",,strict,True,
dog,control,melon,"a sharply focused melon with a blurred background, in a serene setting",,strict,True,
dog,control,melon,"a close-up of a melon in soft daylight, under overcast skies",,strict,True,
dog,control,melon,"a detailed image of a melon, in a serene setting",,strict,True,
dog,control,melon,"a melon under warm afternoon light, under overcast skies",,strict,True,
dog,control,melon,"a detailed image of a melon, with natural lighting",,strict,True,
dog,control,melon,"a melon moving through its environment, with cinematic framing",,strict,True,
dog,control,airplane,a close-up of a airplane in soft daylight,,strict,True,
dog,control,airplane,a photo of a airplane in a natural setting,,strict,True,
dog,control,airplane,a airplane moving through its environment,,strict,True,
dog,control,airplane,a airplane near water at sunset,,strict,True,
dog,control,airplane,a realistic airplane standing outdoors,,strict,True,
dog,control,airplane,a documentary-style photo of a airplane,,strict,True,
dog,control,airplane,a sharply focused airplane with a blurred background,,strict,True,
dog,control,airplane,a high-resolution photograph of a airplane in the wild,,strict,True,
dog,control,airplane,a airplane under warm afternoon light,,strict,True,
dog,control,airplane,a detailed image of a airplane,,strict,True,
dog,control,airplane,a studio-quality photo of a airplane,,strict,True,
dog,control,airplane,a cinematic portrait of a airplane,,strict,True,
dog,control,airplane,a professional photograph of a airplane,,strict,True,
dog,control,airplane,a naturalistic depiction of a airplane,,strict,True,
dog,control,airplane,a photorealistic image of a airplane,,strict,True,
dog,control,airplane,a highly detailed view of a airplane,,strict,True,
dog,control,airplane,a airplane in golden-hour lighting,,strict,True,
dog,control,airplane,a airplane under overcast daylight,,strict,True,
dog,control,airplane,a airplane at sunrise with soft haze,,strict,True,
dog,control,airplane,a clean composition featuring a airplane,,strict,True,
dog,control,bicycle,a close-up of a bicycle in soft daylight,,strict,True,
dog,control,bicycle,a photo of a bicycle in a natural setting,,strict,True,
dog,control,bicycle,a bicycle moving through its environment,,strict,True,
dog,control,bicycle,a bicycle near water at sunset,,strict,True,
dog,control,bicycle,a realistic bicycle standing outdoors,,strict,True,
dog,control,bicycle,a documentary-style photo of a bicycle,,strict,True,
dog,control,bicycle,a sharply focused bicycle with a blurred background,,strict,True,
dog,control,bicycle,a high-resolution photograph of a bicycle in the wild,,strict,True,
dog,control,bicycle,a bicycle under warm afternoon light,,strict,True,
dog,control,bicycle,a detailed image of a bicycle,,strict,True,
dog,control,bicycle,a studio-quality photo of a bicycle,,strict,True,
dog,control,bicycle,a cinematic portrait of a bicycle,,strict,True,
dog,control,bicycle,a professional photograph of a bicycle,,strict,True,
dog,control,bicycle,a naturalistic depiction of a bicycle,,strict,True,
dog,control,bicycle,a photorealistic image of a bicycle,,strict,True,
dog,control,bicycle,a highly detailed view of a bicycle,,strict,True,
dog,control,bicycle,a bicycle in golden-hour lighting,,strict,True,
dog,control,bicycle,a bicycle under overcast daylight,,strict,True,
dog,control,bicycle,a bicycle at sunrise with soft haze,,strict,True,
dog,control,bicycle,a clean composition featuring a bicycle,,strict,True,
dog,control,violin,a close-up of a violin in soft daylight,,strict,True,
dog,control,violin,a photo of a violin in a natural setting,,strict,True,
dog,control,violin,a violin moving through its environment,,strict,True,
dog,control,violin,a violin near water at sunset,,strict,True,
dog,control,violin,a realistic violin standing outdoors,,strict,True,
dog,control,violin,a documentary-style photo of a violin,,strict,True,
dog,control,violin,a sharply focused violin with a blurred background,,strict,True,
dog,control,violin,a high-resolution photograph of a violin in the wild,,strict,True,
dog,control,violin,a violin under warm afternoon light,,strict,True,
dog,control,violin,a detailed image of a violin,,strict,True,
dog,control,violin,a studio-quality photo of a violin,,strict,True,
dog,control,violin,a cinematic portrait of a violin,,strict,True,
dog,control,violin,a professional photograph of a violin,,strict,True,
dog,control,violin,a naturalistic depiction of a violin,,strict,True,
dog,control,violin,a photorealistic image of a violin,,strict,True,
dog,control,violin,a highly detailed view of a violin,,strict,True,
dog,control,violin,a violin in golden-hour lighting,,strict,True,
dog,control,violin,a violin under overcast daylight,,strict,True,
dog,control,violin,a violin at sunrise with soft haze,,strict,True,
dog,control,violin,a clean composition featuring a violin,,strict,True,
dog,control,teapot,a close-up of a teapot in soft daylight,,strict,True,
dog,control,teapot,a photo of a teapot in a natural setting,,strict,True,
dog,control,teapot,a teapot moving through its environment,,strict,True,
dog,control,teapot,a teapot near water at sunset,,strict,True,
dog,control,teapot,a realistic teapot standing outdoors,,strict,True,
dog,control,teapot,a documentary-style photo of a teapot,,strict,True,
dog,control,teapot,a sharply focused teapot with a blurred background,,strict,True,
dog,control,teapot,a high-resolution photograph of a teapot in the wild,,strict,True,
dog,control,teapot,a teapot under warm afternoon light,,strict,True,
dog,control,teapot,a detailed image of a teapot,,strict,True,
dog,control,teapot,a studio-quality photo of a teapot,,strict,True,
dog,control,teapot,a cinematic portrait of a teapot,,strict,True,
dog,control,teapot,a professional photograph of a teapot,,strict,True,
dog,control,teapot,a naturalistic depiction of a teapot,,strict,True,
dog,control,teapot,a photorealistic image of a teapot,,strict,True,
dog,control,teapot,a highly detailed view of a teapot,,strict,True,
dog,control,teapot,a teapot in golden-hour lighting,,strict,True,
dog,control,teapot,a teapot under overcast daylight,,strict,True,
dog,control,teapot,a teapot at sunrise with soft haze,,strict,True,
dog,control,teapot,a clean composition featuring a teapot,,strict,True,
dog,control,lighthouse,a close-up of a lighthouse in soft daylight,,strict,True,
dog,control,lighthouse,a photo of a lighthouse in a natural setting,,strict,True,
dog,control,lighthouse,a lighthouse moving through its environment,,strict,True,
dog,control,lighthouse,a lighthouse near water at sunset,,strict,True,
dog,control,lighthouse,a realistic lighthouse standing outdoors,,strict,True,
dog,control,lighthouse,a documentary-style photo of a lighthouse,,strict,True,
dog,control,lighthouse,a sharply focused lighthouse with a blurred background,,strict,True,
dog,control,lighthouse,a high-resolution photograph of a lighthouse in the wild,,strict,True,
dog,control,lighthouse,a lighthouse under warm afternoon light,,strict,True,
dog,control,lighthouse,a detailed image of a lighthouse,,strict,True,
dog,control,lighthouse,a studio-quality photo of a lighthouse,,strict,True,
dog,control,lighthouse,a cinematic portrait of a lighthouse,,strict,True,
dog,control,lighthouse,a professional photograph of a lighthouse,,strict,True,
dog,control,lighthouse,a naturalistic depiction of a lighthouse,,strict,True,
dog,control,lighthouse,a photorealistic image of a lighthouse,,strict,True,
dog,control,lighthouse,a highly detailed view of a lighthouse,,strict,True,
dog,control,lighthouse,a lighthouse in golden-hour lighting,,strict,True,
dog,control,lighthouse,a lighthouse under overcast daylight,,strict,True,
dog,control,lighthouse,a lighthouse at sunrise with soft haze,,strict,True,
dog,control,lighthouse,a clean composition featuring a lighthouse,,strict,True,
dog,control,volcano,a close-up of a volcano in soft daylight,,strict,True,
dog,control,volcano,a photo of a volcano in a natural setting,,strict,True,
dog,control,volcano,a volcano moving through its environment,,strict,True,
dog,control,volcano,a volcano near water at sunset,,strict,True,
dog,control,volcano,a realistic volcano standing outdoors,,strict,True,
dog,control,volcano,a documentary-style photo of a volcano,,strict,True,
dog,control,volcano,a sharply focused volcano with a blurred background,,strict,True,
dog,control,volcano,a high-resolution photograph of a volcano in the wild,,strict,True,
dog,control,volcano,a volcano under warm afternoon light,,strict,True,
dog,control,volcano,a detailed image of a volcano,,strict,True,
dog,control,volcano,a studio-quality photo of a volcano,,strict,True,
dog,control,volcano,a cinematic portrait of a volcano,,strict,True,
dog,control,volcano,a professional photograph of a volcano,,strict,True,
dog,control,volcano,a naturalistic depiction of a volcano,,strict,True,
dog,control,volcano,a photorealistic image of a volcano,,strict,True,
dog,control,volcano,a highly detailed view of a volcano,,strict,True,
dog,control,volcano,a volcano in golden-hour lighting,,strict,True,
dog,control,volcano,a volcano under overcast daylight,,strict,True,
dog,control,volcano,a volcano at sunrise with soft haze,,strict,True,
dog,control,volcano,a clean composition featuring a volcano,,strict,True,
